<?xml version="1.0" encoding="UTF-8" standalone="yes"?>
<manifest>
  <control namespace="Auxilion" constructor="AzureMapMarker" version="0.0.1" display-name-key="AzureMapMarker" description-key="AzureMapMarker description" control-type="standard" api-version="1.2.1">
    <data-set name="dataSet" display-name-key="Dataset_Display_Key"/>
    <property name="AzureMapsSubsctiptionKey" display-name-key="AzureMapsSubsctiptionKey_Display_Key" description-key="AzureMapsSubsctiptionKey_Desc_Key" of-type="SingleLine.Text" usage="input" required="true" default-value="QckYeWmQe2c3k4BjuGoIo84qczTIJ4khEENNrSGuBgg"/>
    <property name="primaryFieldName" display-name-key="primaryFieldName_Display_Key" description-key="primaryFieldName_Desc_Key" of-type="SingleLine.Text" usage="input" required="true" default-value="aux_name"/>
    <property name="latFieldName" display-name-key="latFieldName_Display_Key" description-key="latFieldName_Desc_Key" of-type="SingleLine.Text" usage="input" required="true" default-value="aux_latitude"/>
    <property name="longFieldName" display-name-key="longFieldName_Display_Key" description-key="longFieldName_Desc_Key" of-type="SingleLine.Text" usage="input" required="true" default-value="aux_longitude"/>
    <resources>
      <code path="bundle.js" order="1"/>
      <css path="atlas.min.css" order="2"/>
      <css path="control.css" order="2"/>
    </resources>
    <built-by name="pac" version="1.0.6"/>
  </control>
</manifest>